<Ui xmlns="http://www.blizzard.com/wow/ui/">
	<Script file="libs\LibStub\LibStub.lua"/>
	<Include file="libs\CallbackHandler-1.0\CallbackHandler-1.0.xml"/>
	<Include file="libs\AceGUI-3.0\AceGUI-3.0.xml"/>
	<Include file="libs\AceConsole-3.0\AceConsole-3.0.xml"/>
	<Include file="libs\AceConfig-3.0\AceConfig-3.0.xml"/>
	<Include file="libs\AceTimer-3.0\AceTimer-3.0.xml"/>
	<Include file="libs\LibSharedMedia-3.0\lib.xml"/>
	<Include file="libs\AceGUI-3.0-SharedMediaWidgets\widget.xml"/>
	<Script file="libs\LibDataBroker-1.1\LibDataBroker-1.1.lua"/>
</Ui>